"nobs","Mmod","Smod","kernel","ISE","bandwidth","timing"
125,1,1,"Wishart",290.455255199113,0.0950373486183234,356.254967689514
125,1,1,"smlnorm",378.042328974988,0.149924939332812,52.502613067627
125,1,1,"Wishart",520.328306477677,0.330195056974634,168.586151361465
125,1,1,"smlnorm",1693.51280499339,0.153139476271349,38.8215193748474
125,1,1,"Wishart",321.124030632405,0.209799635764703,198.735552549362
125,1,1,"smlnorm",302.051632146294,0.171536561710066,61.3554232120514
125,1,1,"Wishart",460.952327982384,0.320318912756955,167.509395122528
125,1,1,"smlnorm",763.53650725234,0.213222970500993,41.825562953949
125,1,1,"Wishart",656.696725926965,0.116039413016472,295.731717348099
125,1,1,"smlnorm",1645.75978164028,0.074034131653941,88.191431760788
125,1,1,"Wishart",575.556982302351,0.365025709882316,167.123204231262
125,1,1,"smlnorm",2714.54149761345,0.0741674549316974,88.4311652183533
125,1,1,"Wishart",397.362668902747,0.196167616598846,166.702074766159
125,1,1,"smlnorm",246.625310631,0.179000687867779,54.0588049888611
125,1,1,"Wishart",300.678392384297,0.206862409677771,257.055763721466
125,1,1,"smlnorm",502.514765674188,0.196565799553055,60.5470898151398
125,1,1,"Wishart",586.853212509123,0.185183212358355,131.530790805817
125,1,1,"smlnorm",568.957695412552,0.120230712730371,48.4898619651794
125,1,1,"Wishart",343.268242938256,0.215168145636078,221.409985542297
125,1,1,"smlnorm",197.754120826784,0.163609620478915,73.6268393993378
125,1,1,"Wishart",303.972184400501,0.133384782810473,231.537996053696
125,1,1,"smlnorm",719.469026397431,0.122808761083533,51.461089849472
125,1,1,"Wishart",286.80109745004,0.185154902560434,236.520766496658
125,1,1,"smlnorm",535.066300406185,0.163358663651193,55.9601323604584
125,1,1,"Wishart",499.287870758683,0.335382105069419,156.179547548294
125,1,1,"smlnorm",2591.66685264487,0.112725027152963,47.1344110965729
125,1,1,"Wishart",374.097731853326,0.202959758574339,207.567549705505
125,1,1,"smlnorm",1255.00309907139,0.101641232384253,63.6326315402985
125,1,1,"Wishart",323.219565474207,0.259572621947545,189.431096792221
125,1,1,"smlnorm",820.266699249462,0.147261462929238,53.8573865890503
125,1,1,"Wishart",441.718194630432,0.211803343369439,199.599319696426
125,1,1,"smlnorm",697.091544057782,0.197876117395205,40.007266998291
125,1,1,"Wishart",408.619509219089,0.0933650401794613,252.927735567093
125,1,1,"smlnorm",450.089801140413,0.104557462945128,57.5507166385651
125,1,1,"Wishart",417.969219128662,0.270280511350535,239.357520580292
125,1,1,"smlnorm",740.411003231826,0.169102189649148,64.9166879653931
125,1,1,"Wishart",572.64049256489,0.228565442969348,219.947594404221
125,1,1,"smlnorm",1333.66476647059,0.207840755423978,38.1993041038513
125,1,1,"Wishart",430.970800005701,0.246793440982347,149.848133563995
125,1,1,"smlnorm",671.760866728075,0.0911605762248653,86.6768481731415
125,1,1,"Wishart",435.226402419877,0.266645732335955,222.038237810135
125,1,1,"smlnorm",598.331997521923,0.183353749784487,61.43510222435
125,1,1,"Wishart",413.957701373456,0.280069293224896,173.907449483871
125,1,1,"smlnorm",970.918969931256,0.209677867296761,42.0295948982239
125,1,1,"Wishart",438.169854952157,0.259582170703269,227.808323860168
125,1,1,"smlnorm",1504.97847347461,0.178217008797769,51.9796576499939
125,1,1,"Wishart",332.72629424882,0.244699315035759,187.811060905457
125,1,1,"smlnorm",468.749486039931,0.205561665454866,49.7194314002991
125,1,1,"Wishart",191.867355129509,0.128075615155618,306.539491176605
125,1,1,"smlnorm",617.00800691273,0.0865376770432673,78.2713198661804
125,1,1,"Wishart",949.628567914095,1.21343764700634,92.2449703216553
125,1,1,"smlnorm",12641.7226962747,0.145575095899226,23.156858921051
125,1,1,"Wishart",274.174995269193,0.202823064946543,219.21356344223
125,1,1,"smlnorm",291.137220614559,0.185028573558811,57.8498196601868
125,1,1,"Wishart",293.449103170875,0.169288342365461,280.071728944778
125,1,1,"smlnorm",820.763023356286,0.13995432618673,57.1406583786011
125,1,1,"Wishart",490.361248692323,0.349805014739719,168.277612686157
125,1,1,"smlnorm",1607.0632487414,0.149346713844794,52.8006920814514
125,1,1,"Wishart",454.290706388548,0.240021587209452,218.294744968414
125,1,1,"smlnorm",1208.91133644863,0.195173954121853,41.5676901340485
125,1,1,"Wishart",369.526772551354,0.19894126261373,182.0166888237
125,1,1,"smlnorm",299.302384995749,0.186901113278419,52.4291086196899
125,1,1,"Wishart",329.740960751753,0.197180197771452,192.05300951004
125,1,1,"smlnorm",501.067324485045,0.103706050352937,80.5134706497192
125,1,1,"Wishart",470.633828927228,0.308543516261547,149.75846529007
125,1,1,"smlnorm",2911.3678793313,0.0785349011366528,71.6500997543335
125,1,1,"Wishart",310.324611181771,0.164234233975226,223.53169965744
125,1,1,"smlnorm",311.970738428243,0.136167722821644,62.3063342571259
125,1,1,"Wishart",296.262535372192,0.161579360644679,271.380166530609
125,1,1,"smlnorm",467.400369486806,0.162627640652123,52.7459697723389
125,1,1,"Wishart",265.626942109203,0.169448284433391,273.293664455414
125,1,1,"smlnorm",819.472775191892,0.127295145834924,63.433988571167
125,1,1,"Wishart",478.958496360476,0.298646721189718,225.638901948929
125,1,1,"smlnorm",1557.91162947273,0.219362472723023,43.3601181507111
125,1,1,"Wishart",348.996356881356,0.197776643556887,215.739156246185
125,1,1,"smlnorm",391.955567273553,0.159541063466979,60.9808781147003
125,1,1,"Wishart",507.182156957916,0.301468654742955,199.49754357338
125,1,1,"smlnorm",3447.67783419118,0.108015716581609,61.5997428894043
125,1,1,"Wishart",380.322515887186,0.246377475738913,165.930225610733
125,1,1,"smlnorm",251.911376060666,0.177537908577105,56.2367212772369
125,1,1,"Wishart",346.665578068264,0.230371004598264,271.254274129868
125,1,1,"smlnorm",578.131229151925,0.193245390329506,59.7027237415314
125,1,1,"Wishart",237.948541557353,0.148743936502676,239.072330713272
125,1,1,"smlnorm",287.86380828425,0.188485147904385,45.3706612586975
125,1,1,"Wishart",273.41329335175,0.185284202023054,259.800172328949
125,1,1,"smlnorm",521.120421697218,0.126495497809055,76.6735863685608
125,1,1,"Wishart",417.407362473389,0.204997697091602,164.639344930649
125,1,1,"smlnorm",398.410276416571,0.159947129557444,48.6806609630585
125,1,1,"Wishart",353.583669085588,0.109891339151184,261.912490129471
125,1,1,"smlnorm",334.552108690163,0.132172093020075,59.1866769790649
125,1,1,"Wishart",689.1011028386,0.451614614631588,191.281747817993
125,1,1,"smlnorm",2264.08912563559,0.162261563899345,51.2290670871735
125,1,1,"Wishart",258.585860884854,0.16366676752253,207.211730480194
125,1,1,"smlnorm",155.56365892837,0.180809251183643,56.2711720466614
125,1,1,"Wishart",252.651547757413,0.107467615452878,373.990112066269
125,1,1,"smlnorm",558.38886389757,0.123135862542016,60.2398035526276
125,1,1,"Wishart",332.798512199057,0.222868332959147,207.575344562531
125,1,1,"smlnorm",205.314049721402,0.199807870015739,65.0243091583252
125,1,1,"Wishart",446.648969593759,0.286605641350524,222.120542287827
125,1,1,"smlnorm",981.359086219973,0.153353380982319,71.2578330039978
125,1,1,"Wishart",244.687380138149,0.112621529560053,292.179793357849
125,1,1,"smlnorm",608.809268866813,0.0620005630907796,115.871778488159
125,1,1,"Wishart",506.63078039275,0.358367812527028,184.43558382988
125,1,1,"smlnorm",1728.19817695636,0.166310182523735,52.7745649814606
125,1,1,"Wishart",714.959487825443,0.49355953839026,139.570002317429
125,1,1,"smlnorm",2651.86719842217,0.121388583708528,49.0771663188934
125,1,1,"Wishart",444.948446198113,0.0673305948514105,259.122102499008
125,1,1,"smlnorm",304.609967364547,0.135848901446412,42.8248422145844
125,1,1,"Wishart",418.647084383451,0.254345285478804,158.916991949081
125,1,1,"smlnorm",352.78279112524,0.158454024529155,56.36785197258
125,1,1,"Wishart",234.118193920726,0.141934213165453,247.865191221237
125,1,1,"smlnorm",406.405381247884,0.141290231197811,54.7672257423401
125,1,1,"Wishart",407.162749017857,0.243131190583571,247.103721618652
125,1,1,"smlnorm",961.424463505396,0.112702711329241,70.8329060077667
125,1,1,"Wishart",578.789351262816,0.317994006501144,150.327398538589
125,1,1,"smlnorm",1271.12409792507,0.114608137468985,48.4067227840424
125,1,1,"Wishart",187.573499251335,0.139261194829839,266.906872749329
125,1,1,"smlnorm",253.88872860187,0.133484159450882,63.9650087356567
125,1,1,"Wishart",272.296672537746,0.12254098629503,244.956804513931
125,1,1,"smlnorm",233.506311533603,0.142765295099362,60.9210858345032
125,1,1,"Wishart",565.867791970583,0.398837279177154,153.269641160965
125,1,1,"smlnorm",1435.81288665011,0.153970832608415,50.2146391868591
125,1,1,"Wishart",235.410012587576,0.130077633125498,229.789131402969
125,1,1,"smlnorm",247.164151590339,0.126976734059201,71.2531371116638
125,1,1,"Wishart",351.761220462199,0.238430434171223,235.768647670746
125,1,1,"smlnorm",782.002869421297,0.138838617288241,66.7981648445129
125,1,1,"Wishart",497.809368162787,0.342674248022243,187.386535644531
125,1,1,"smlnorm",1983.09655226634,0.16719787267817,41.6826248168945
125,1,1,"Wishart",460.469277466482,0.303613076109356,201.673862457275
125,1,1,"smlnorm",1538.09435403759,0.101986606602635,74.8605575561523
125,1,1,"Wishart",646.53375240931,0.48209997338839,126.842446088791
125,1,1,"smlnorm",2129.94422619851,0.150217863462112,45.0343301296234
125,1,1,"Wishart",409.035744976935,0.220638717585473,236.357491254807
125,1,1,"smlnorm",300.382999004768,0.184356310270268,57.6494812965393
125,1,1,"Wishart",508.669157723611,0.214025693563065,180.80696439743
125,1,1,"smlnorm",590.881649457478,0.211934392590683,38.7064650058746
125,1,1,"Wishart",471.016532050602,0.267821651999344,195.957327365875
125,1,1,"smlnorm",356.296203722439,0.203567660172358,48.6687324047089
125,1,1,"Wishart",491.994530121227,0.235995576033848,208.776824951172
125,1,1,"smlnorm",1430.8416778246,0.233518460104465,36.3187255859375
125,1,1,"Wishart",428.323330140798,0.267814331531952,148.964144468307
125,1,1,"smlnorm",432.418477328133,0.182782734341325,46.8324780464172
125,1,1,"Wishart",216.863299491978,0.187039649233016,248.124339342117
125,1,1,"smlnorm",599.382464696846,0.208469379378402,35.9203929901123
125,1,1,"Wishart",402.037043911527,0.277867124230536,211.13942027092
125,1,1,"smlnorm",648.745281667007,0.181914894273644,61.2090277671814
125,1,1,"Wishart",494.731126015986,0.107444384056899,165.431015729904
125,1,1,"smlnorm",422.571634777435,0.133375828281834,29.5514273643494
125,1,1,"Wishart",498.758065806928,0.272741947510045,192.682058572769
125,1,1,"smlnorm",458.212060302276,0.183684175664213,55.2111623287201
125,1,1,"Wishart",249.398595926406,0.190297864341936,256.658450603485
125,1,1,"smlnorm",462.956333397889,0.116752850718238,74.4529557228088
125,1,1,"Wishart",227.324688660344,0.128652641690775,265.249154806137
125,1,1,"smlnorm",173.342727073021,0.183003340493961,52.3998913764954
125,1,1,"Wishart",352.588488219901,0.234671683203042,218.2855052948
125,1,1,"smlnorm",808.028750268794,0.123644430031125,67.6550199985504
125,1,1,"Wishart",565.761234858686,0.187989584921094,183.354951143265
125,1,1,"smlnorm",1459.90465506559,0.136289671937975,42.2014484405518
125,1,1,"Wishart",320.994054224949,0.183462718763156,245.307544946671
125,1,1,"smlnorm",405.326986626882,0.210790726753773,49.1965208053589
125,1,1,"Wishart",329.041099421252,0.275662159357825,193.215097904205
125,1,1,"smlnorm",467.902226799229,0.20672617470504,50.0055387020111
125,1,1,"Wishart",179.315568301864,0.157027905757357,257.877419471741
125,1,1,"smlnorm",460.930588232338,0.0902332041134433,90.4943721294403
125,1,1,"Wishart",305.248483090785,0.193201030201041,239.29626750946
125,1,1,"smlnorm",378.566091422555,0.165171155673118,56.6131691932678
125,1,1,"Wishart",423.68620733186,0.255241553662744,141.508706331253
125,1,1,"smlnorm",379.004902883686,0.132601255191142,69.6663467884064
125,1,1,"Wishart",359.627891481961,0.0876342053206082,313.117119550705
125,1,1,"smlnorm",682.860459801412,0.101626023115863,62.0704998970032
125,1,1,"Wishart",410.187722752919,0.208452078376522,237.750130176544
125,1,1,"smlnorm",1075.13305537247,0.21315020883383,40.0291171073914
125,1,1,"Wishart",246.641380987388,0.14891017392413,261.069395065308
125,1,1,"smlnorm",419.618422383371,0.152916244455829,54.073742389679
125,1,1,"Wishart",273.26071808599,0.0972297408517616,293.554965734482
125,1,1,"smlnorm",672.55621256484,0.0960758173941855,69.8890750408173
125,1,1,"Wishart",319.08964110437,0.195059245655308,289.22331571579
125,1,1,"smlnorm",999.309899859351,0.102769237822895,76.6521375179291
125,1,1,"Wishart",380.839423962861,0.282379553462725,188.601413726807
125,1,1,"smlnorm",608.678276300357,0.204567245453658,48.9214680194855
125,1,1,"Wishart",439.45663831571,0.105320675993853,211.64715719223
125,1,1,"smlnorm",428.778205199875,0.0937149325250057,55.937210559845
125,1,1,"Wishart",957.492327911414,1.69317095738824,52.7351360321045
125,1,1,"smlnorm",1980.93643545368,0.152142294898762,25.6021792888641
125,1,1,"Wishart",256.680362884081,0.162052718411034,226.027624607086
125,1,1,"smlnorm",226.418194314562,0.155153006724179,55.8216059207916
125,1,1,"Wishart",377.224582036871,0.229991018973861,236.755435705185
125,1,1,"smlnorm",630.043606850067,0.187297523089452,48.7761535644531
125,1,1,"Wishart",350.94914342311,0.114564564886145,267.429692745209
125,1,1,"smlnorm",401.978300640904,0.259775535846936,33.6356470584869
125,1,1,"Wishart",273.366927133126,0.192311472659622,218.096922397614
125,1,1,"smlnorm",476.110459942107,0.194873300358371,34.3215389251709
125,1,1,"Wishart",677.573766341146,0.339982485403635,162.820284366608
125,1,1,"smlnorm",3197.4407153969,0.242185989485934,29.9164779186249
125,1,1,"Wishart",489.018674726322,0.100702462637816,278.251702785492
125,1,1,"smlnorm",410.366419749337,0.14639299483765,58.0770845413208
125,1,1,"Wishart",570.123884498058,0.379564340598628,148.507317781448
125,1,1,"smlnorm",1094.46971166492,0.147176694664671,48.5233068466187
125,1,1,"Wishart",347.976537092017,0.183528489490593,254.189337491989
125,1,1,"smlnorm",359.403560693308,0.142396413895173,75.6311030387878
125,1,1,"Wishart",470.024423079237,0.309412216608353,176.244781732559
125,1,1,"smlnorm",1363.75924821986,0.173427196385826,45.2410161495209
125,1,1,"Wishart",407.591851816389,0.296462418919047,169.573978900909
125,1,1,"smlnorm",551.985412977499,0.195320992076026,50.1290602684021
125,1,1,"Wishart",175.221055484268,0.158957400270776,258.662012815475
125,1,1,"smlnorm",257.025411714898,0.170566852421671,55.9163198471069
125,1,1,"Wishart",286.952066058057,0.203437930107216,288.30299448967
125,1,1,"smlnorm",806.973917723907,0.116670164650186,72.3555583953857
125,1,1,"Wishart",289.112414153512,0.212784741081823,252.798602342606
125,1,1,"smlnorm",449.135152622256,0.24457695449541,39.9328148365021
125,1,1,"Wishart",424.976382821985,0.263091348724109,188.733001947403
125,1,1,"smlnorm",360.33257085059,0.174840957301799,59.0038559436798
125,1,1,"Wishart",507.354757816259,0.133631313398608,286.916419506073
125,1,1,"smlnorm",554.049193033756,0.140495492780114,56.1130218505859
125,1,1,"Wishart",261.839453343812,0.145423307393209,262.603953838348
125,1,1,"smlnorm",239.885070407868,0.149826121120708,68.7160909175873
125,1,1,"Wishart",274.351671864511,0.098319743244457,382.407677650452
125,1,1,"smlnorm",640.199598711645,0.0998382898583777,72.98481965065
125,1,1,"Wishart",344.837058536943,0.218428056082685,185.809928417206
125,1,1,"smlnorm",546.217528698436,0.183053177722462,48.6416211128235
125,1,1,"Wishart",641.984083423533,0.217821675491106,227.731398105621
125,1,1,"smlnorm",1408.17185854349,0.170494636160464,51.8667612075806
125,1,1,"Wishart",562.451726017485,0.134022901944299,279.739329338074
125,1,1,"smlnorm",1023.92785696467,0.244672996868882,34.1541922092438
125,1,1,"Wishart",643.898693623777,0.450493794342239,147.362285852432
125,1,1,"smlnorm",1738.28773536151,0.144047389754697,42.8598203659058
125,1,1,"Wishart",270.171649597229,0.189271248733133,193.189797878265
125,1,1,"smlnorm",554.57472538604,0.109969513442004,66.8690946102142
125,1,1,"Wishart",445.814998756441,0.227485843688189,251.1814930439
125,1,1,"smlnorm",1773.85576636117,0.11697096911516,63.1736543178558
125,1,1,"Wishart",279.540902160038,0.171603085681673,177.342151880264
125,1,1,"smlnorm",341.405362973682,0.142847444089884,52.5270128250122
125,1,1,"Wishart",1036.41043306749,3.15896919456681,273.875783920288
125,1,1,"smlnorm",2620.9503493367,0.129951410452832,61.555246591568
125,1,1,"Wishart",272.227866200507,0.195221532430305,220.875816822052
125,1,1,"smlnorm",519.408272181227,0.134386021619301,63.7215688228607
125,1,1,"Wishart",429.67272454563,0.249745029794294,203.410719156265
125,1,1,"smlnorm",1198.91058706107,0.11195164594949,72.0495204925537
125,1,1,"Wishart",400.883797924814,0.198961941445769,150.758784770966
125,1,1,"smlnorm",778.579684178421,0.140251861118866,39.9382977485657
125,1,1,"Wishart",739.105184866389,0.518286654581324,139.998819351196
125,1,1,"smlnorm",10079.0849171851,0.135307333616965,29.2852056026459
125,1,1,"Wishart",315.536942837593,0.213771976930452,203.067622661591
125,1,1,"smlnorm",646.373673753397,0.172858850701675,40.670517206192
125,1,1,"Wishart",744.79175118464,0.586782280127175,148.848843097687
125,1,1,"smlnorm",2020.54389585175,0.187054681114371,43.050225019455
125,1,1,"Wishart",453.100208100892,0.195122772965235,180.535686969757
125,1,1,"smlnorm",323.880233719778,0.17376895089379,52.2167911529541
125,1,1,"Wishart",531.977857016807,0.14215358803567,206.221590995789
125,1,1,"smlnorm",538.641940546138,0.104893782375977,55.1847295761108
125,1,1,"Wishart",309.927572081792,0.0989172606639089,297.993214607239
125,1,1,"smlnorm",325.792510059057,0.103627819541795,80.5085470676422
125,1,1,"Wishart",346.040536882875,0.154098004239672,313.596210479736
125,1,1,"smlnorm",379.576651104869,0.145079263125173,74.0741095542908
125,1,1,"Wishart",219.623257057177,0.127146278387526,330.821173429489
125,1,1,"smlnorm",531.308375235699,0.102117324179733,76.5863144397736
